left_size,shared_size,right_size,time,magnitude
1441,1930,1772,54441788.941,s
1054,1973,1310,31552661.218000002,s
1190,1600,1525,31326909.267,s
1541,1968,1818,12222.036653,ms
1837,1994,1761,113100.712142,ms
1143,1846,1378,31903253.186,s
1334,1286,1177,18968878.195,s
1489,1151,1034,14824219.911,s
1229,1839,1919,48963866.494,s
1785,1636,1979,12366.587758,ms
